INSERT INTO RECIPE (recipe_name, instructions) VALUES ('Pizza med reinsdyrbiff', '
Forvarm ovnen til 220 °C.
 Knus einebær i en morter til det er finmalt.
Rør snøfrisk og einebær sammen, og smør utover pizzabunnen .
Dryss over revet ost.
Skjær rødløk og reinsdyrbiff i tynne skiver, og fordel utover pizzabunnen.
Legg over grønnkål og stek i ovnen i ca. 15 minutter.
Server med granateple og frisk oregano!
');
INSERT INTO RECIPE (recipe_name, instructions) VALUES ('Svinecarret', 'Temperer kjøttet og forvarm stekeovnen til 125 ºC.
Tørk av kjøttet med litt kjøkkenpapir. Bland krydderet og krydre kjøttet.  Brun godt på alle sider i en varm stekepanne med smør. Ha kjøttet over i en ildfast form og stikk et steketermometer inn i den mest kjøttfulle delen. Stek til termometeret viser 74 °C. Dette tar 1 - 1,5timer. La svinekammen hvile i ca. 15 minutter før du skjærer i den.
Vask spinat, skjær løk i tynne skiver og aprikos i strimler. Bland alle ingrediensene med olivenolje og kapers i en bolle. La stå minst ti minutter for at smakene skal sette seg.
Kok poteter møre i lettsaltet vann.
Server svinecarré med spinatsalat, kokte småpoteter, sennep, stekesjy og litt ekstra med hakkede urter i en skål.<br>');
INSERT INTO RECIPE (recipe_name, instructions) VALUES ('Biff på primus', 'Skal du på tur og kose deg skikkelig - da skal du steke biff på primus! Biffen kan du marinere hjemme i for eksempel en urtemarinade og ta med deg på turen i en zip-lock pose, eller ta med deg en vakuumpakket fra butikken. Server biffen med en enkel tomatsalat, urtesalsa og godt brød. ');
INSERT INTO RECIPE (recipe_name, instructions) VALUES ('Kylling filet', 'Tørk av kyllingfiletene med litt kjøkkenpapir. Krydre dem med salt og grovkvernet pepper og pensle dem med litt olje.
Grill filetene i ca. 2 minutter på hver side på høy direkte varme og legg dem deretter over på indirekte varme, sett om mulig på lokk.<br>
Ved grilling på direkte varme grilles maten rett over varmekilden. Ved grilling på indirekte varme ligger maten under lokk litt vekk fra varmekilden, i "den kalde sonen".
Bruk aller helst steketermometer. Når filetene har en kjernetemperatur på 68 °C er de ferdige.<br>');
INSERT INTO RECIPE (recipe_name, instructions) VALUES ('Eksotisk levergryte', 'Rens lever og fjern hinner og grove ganger. Del i biter på 2-3 cm. <br>Skjær løk i skiver og finhakk hvitløk. <br>Varm en stekepanne med smør og stek løken til den er myk og blank.<br>Ha løken over på en tallerken og varm opp stekepannen på nytt med resten av stekefettet. <br>Tørk leverbitene med tørkepapir og stek dem på middels høy varme til de blir brune, og karamelliserte. <br>Tilsett den stekte løken og fløte. La småkoke i 2-3 minutter og smak til med salt, pepper og sitronsaft. <br>Grovhakk persille og dryss over rett før servering. ');
INSERT INTO RECIPE (recipe_name, instructions) VALUES ('Pasta', '1. Kok spagetti etter anvisning på pakken. Hell av kokevannet, og husk å ta vare på 2-3 desiliter av kokevannet.<br><br>2. Del gresskaret i to og grav ut kjernene. Bruk en skarp kniv og skjær vekk skallet. Del resten i biter.<br><br>3. Varm oljen i en vid kjele og fres gresskarbiter og hvitløk på middels varme til de begynner å bli myke. <br><br>4. Krydre med muskat, pepper og litt salt og hell i fløten. Kok opp, senk varmen og kok videre til gresskaret er helt mykt. Bruk stavmikser eller foodprocessor og kjør sausen helt glatt.<br><br>5. Rør inn pastavann og revet parmesan og juster smaken med salt, pepper og sitronsaft. Kok opp og tilsett litt mer pastavann om du synes sausen er for tykk.<br><br>6. Vend den kokte spagettien inn i sausen og la det hele bli gjennomvarmt. ');
INSERT INTO RECIPE (recipe_name, instructions) VALUES ('LammeWok', 'La kjøttet ligge på kjøkkenbenken til det begynner å tine.<br>Kok nudler etter anvisning på pakken. Hell av kokevannet og skyll i kaldt vann.<br>Skjær rødløk i båter, paprika i biter, grønnkål i strimler og gulrot i staver.<br>Stek kjøttet raskt i olje i flere omganger i en skikkelig varm wok eller panne, krydre med ingefær og allehånde. Tilsett grønnsaker etter 3-4 minutter, og stek videre i 3-4 minutter til alt er stekt og gjennomvarmt.<br>Tilsett nudler, woksaus, og eventuelt litt vann. Vend alt forsiktig sammen og la det bli gjennomvarmt.');
INSERT INTO RECIPE (recipe_name, instructions) VALUES ('Grillspyd med laksefilet', 'Skjær laksefilet i biter på ca 3x3 cm. kutt sitron i tynne skiver.
Træ fiskebiter og sitronskiver annenhver gang på bløtlagte trespyd.
Pensle grillristen med litt olje og grill spydene 2-3 minutter på hver side. Krydre med lett salt og pepper.
Legg persille, oregano, koriander, hvitløk, eddik, sitronsaft og olje i en hurtigmikser eller  bruk stavmikser til å kjøre det sammen. Smak til med litt salt og pepper.');
INSERT INTO RECIPE (recipe_name, instructions) VALUES ('Burger med baconmarmolade', '1. Hakk bladpersille. Bland bladpersillen inn i kjøttdeigen og form burgere, uten å jobbe for mye med deigen. Krydre burgerne med salt og pepper.

2. Stek burgere i en stekepanne med smør eller olje. Bruk sterk varme og stek på den ene siden til det pipler ut kjøttsaft. Snu burgerne og stek videre på den andre siden til det igjen pipler ut kjøttsaft. Da er burgerne medium stekt. Skru ned varmen, og legg et par osteskiver på hver burger. Legg på et lokk til osten har smeltet.

3. Varm hamburgerbrød raskt i stekepannen, eller som anvist på pakken. Kutt eple i tynne skiver. Smør på aioli, legg på babyspinat, epleskiver, hamburger og topp med baconmarmelade.');
INSERT INTO RECIPE (recipe_name, instructions) VALUES ('Kyllingklubber i airfrier', '1. Legg kyllingklubbene i airfryeren med skinnet opp og stek på 180 °C i 15 minutter. Snu kyllingklubbene og stek videre i 15 minutter til skinnet er sprøtt. Tid kan variere mellom produsentene, så sjekk med jevne mellomrom for å unngå at det blir svidd.

2. Pensle kyllingklubbene med bbq-saus og stek videre i 2-3 minutter til sausen har satt seg.');
INSERT INTO RECIPE (recipe_name, instructions) VALUES ('Lammekoteletter i form', '1. Kutt grønnsaker i like store biter og ha over i en ildfast form.

2. Krydre kotelettene med salt og pepper.

3. Varm olje i en panne og brun kotelettene raskt på hver side.

4. Legg kotelettene over i formen sammen med oliven, fetaost og timian.

5. Ha på olje og stek i ovnen på 200 °C i ca. 20 minutter.');
INSERT INTO RECIPE (recipe_name, instructions) VALUES ('Pølsegryte', '1. Fjern skinnet på pølsene, og skjær dem i 1/2 cm tykke skiver. Kutt brokkoli i små buketter. Husk også å ta med stilken - kutt den i grove biter. Sett pølser og brokkoli til side.

2. Rens løk og hvitløk. Grovhakk løken og finhakk hvitløken.

3. Ha pastaskruer, hermetisk tomat, buljong/vann og oregano i en stor gryte sammen med løk og hvitløk. Rør litt rundt så alt blander seg. Sett gryten på platen , og kok opp. Sett på lokk, og la det koke i ca. 10 minutter. Rør innimellom slik at det ikke svir seg i bunnen av gryten. Dersom du syns det er litt lite væske kan du ha i mer vann.

4. Når gryten har småkokt under lokk i ca. 10 minutter, har du i pølser og brokkoli. Kok til alt er gjennomvarmt, og pastaen er "al dente", ca. 5 minutter til.

5. Rør inn revet hvitost og fløte. Smak til med salt, pepper og eventuelt litt sukker.

6. Ha i erter helt til slutt. Da får de akkurat nok varme, uten å miste den fine grønnfargen sin.');
INSERT INTO RECIPE (recipe_name, instructions) VALUES ('Svinekam', '
1. Legg svinekammen i en ildfast form og krydre med pepper.<br>

2.Skrell og del gulrot og løk i grove biter og legg dem rundt svinekammen sammen med timian.<br>

3.Hell vannet i formen.<br>


4. Sett formen midt i forvarmet ovn på 125 °C. Stikk et steketermometer inn i den tykkeste delen av kjøttet. Pass på at det ikke hviler mot bein. Kjøttet er ferdig når termometeret viser 68-72 °C. Dette tar 2 1/2 - 3 timer, avhengig av tykkelsen på kjøttet.');
INSERT INTO RECIPE (recipe_name, instructions) VALUES ('Omelett i ovn', '1. Knekk egg i en bolle og visp lett sammen. Krydre med litt salt og pepper.<br>2. Kutt paprika i små biter. Ha paprika, skinke, svarte bønner og halvparten av osten i bollen med egg og rør sammen.<br>3. Brett en tortillalefse utover en liten ildfast form og ha i eggeblandingen. Topp med resten av osten.<br>4. Dekk formen med aluminiumsfolie og stek i ovnen på 175 grader i ca. 20 minutter. ');

INSERT IGNORE INTO INGREDIENT (ingredient_name) VALUES ('einebær');
INSERT IGNORE INTO INGREDIENT (ingredient_name) VALUES ('frisk naturell');
INSERT IGNORE INTO INGREDIENT (ingredient_name) VALUES ('pizzabunn');
INSERT IGNORE INTO INGREDIENT (ingredient_name) VALUES ('revet ost');
INSERT IGNORE INTO INGREDIENT (ingredient_name) VALUES ('rødløk');
INSERT IGNORE INTO INGREDIENT (ingredient_name) VALUES ('flatbiff av reinsdyr');
INSERT IGNORE INTO INGREDIENT (ingredient_name) VALUES ('grønnkål');
INSERT IGNORE INTO INGREDIENT (ingredient_name) VALUES ('granateple');
INSERT IGNORE INTO INGREDIENT (ingredient_name) VALUES ('frisk oregano');
INSERT IGNORE INTO INGREDIENT (ingredient_name) VALUES ('svinecarre');
INSERT IGNORE INTO INGREDIENT (ingredient_name) VALUES ('salt');
INSERT IGNORE INTO INGREDIENT (ingredient_name) VALUES ('kværnet pepper');
INSERT IGNORE INTO INGREDIENT (ingredient_name) VALUES ('malt allehånde');
INSERT IGNORE INTO INGREDIENT (ingredient_name) VALUES ('malt ingefær');
INSERT IGNORE INTO INGREDIENT (ingredient_name) VALUES ('smør');
INSERT IGNORE INTO INGREDIENT (ingredient_name) VALUES ('hvitløl');
INSERT IGNORE INTO INGREDIENT (ingredient_name) VALUES ('små potet');
INSERT IGNORE INTO INGREDIENT (ingredient_name) VALUES ('ytrefilet av storfe');
INSERT IGNORE INTO INGREDIENT (ingredient_name) VALUES ('margarin');
INSERT IGNORE INTO INGREDIENT (ingredient_name) VALUES ('salt');
INSERT IGNORE INTO INGREDIENT (ingredient_name) VALUES ('pepper');
INSERT IGNORE INTO INGREDIENT (ingredient_name) VALUES ('pitabrød');
INSERT IGNORE INTO INGREDIENT (ingredient_name) VALUES ('fetaost');
INSERT IGNORE INTO INGREDIENT (ingredient_name) VALUES ('kyllingfilet');
INSERT IGNORE INTO INGREDIENT (ingredient_name) VALUES ('olje');
INSERT IGNORE INTO INGREDIENT (ingredient_name) VALUES ('salt');
INSERT IGNORE INTO INGREDIENT (ingredient_name) VALUES ('pepper');
INSERT IGNORE INTO INGREDIENT (ingredient_name) VALUES ('lever av kalv');
INSERT IGNORE INTO INGREDIENT (ingredient_name) VALUES ('løk');
INSERT IGNORE INTO INGREDIENT (ingredient_name) VALUES ('hvitløk');
INSERT IGNORE INTO INGREDIENT (ingredient_name) VALUES ('smør');
INSERT IGNORE INTO INGREDIENT (ingredient_name) VALUES ('fløte');
INSERT IGNORE INTO INGREDIENT (ingredient_name) VALUES ('sitronsaft');
INSERT IGNORE INTO INGREDIENT (ingredient_name) VALUES ('bladepersille');
INSERT IGNORE INTO INGREDIENT (ingredient_name) VALUES ('Spagetti');
INSERT IGNORE INTO INGREDIENT (ingredient_name) VALUES ('hollaidogresskar');
INSERT IGNORE INTO INGREDIENT (ingredient_name) VALUES ('olje');
INSERT IGNORE INTO INGREDIENT (ingredient_name) VALUES ('hvirløk');
INSERT IGNORE INTO INGREDIENT (ingredient_name) VALUES ('muskat');
INSERT IGNORE INTO INGREDIENT (ingredient_name) VALUES ('pepper');
INSERT IGNORE INTO INGREDIENT (ingredient_name) VALUES ('fløte');
INSERT IGNORE INTO INGREDIENT (ingredient_name) VALUES ('revet parmesan');
INSERT IGNORE INTO INGREDIENT (ingredient_name) VALUES ('sitronsaft');
INSERT IGNORE INTO INGREDIENT (ingredient_name) VALUES ('lammeskav');
INSERT IGNORE INTO INGREDIENT (ingredient_name) VALUES ('nudler');
INSERT IGNORE INTO INGREDIENT (ingredient_name) VALUES ('rødløk');
INSERT IGNORE INTO INGREDIENT (ingredient_name) VALUES ('rød paprika');
INSERT IGNORE INTO INGREDIENT (ingredient_name) VALUES ('grønnkål');
INSERT IGNORE INTO INGREDIENT (ingredient_name) VALUES ('gulrot');
INSERT IGNORE INTO INGREDIENT (ingredient_name) VALUES ('rapsolje til steking');
INSERT IGNORE INTO INGREDIENT (ingredient_name) VALUES ('malt ingefær');
INSERT IGNORE INTO INGREDIENT (ingredient_name) VALUES ('allehånde');
INSERT IGNORE INTO INGREDIENT (ingredient_name) VALUES ('ferdig woksaus');
INSERT IGNORE INTO INGREDIENT (ingredient_name) VALUES ('laksefilet');
INSERT IGNORE INTO INGREDIENT (ingredient_name) VALUES ('sitron');
INSERT IGNORE INTO INGREDIENT (ingredient_name) VALUES ('bladpersille');
INSERT IGNORE INTO INGREDIENT (ingredient_name) VALUES ('hakket frisk oregano');
INSERT IGNORE INTO INGREDIENT (ingredient_name) VALUES ('frisk hakket koriander');
INSERT IGNORE INTO INGREDIENT (ingredient_name) VALUES ('hvitløk');
INSERT IGNORE INTO INGREDIENT (ingredient_name) VALUES ('rødvinseddik');
INSERT IGNORE INTO INGREDIENT (ingredient_name) VALUES ('sitronsaft');
INSERT IGNORE INTO INGREDIENT (ingredient_name) VALUES ('olivenolje');
INSERT IGNORE INTO INGREDIENT (ingredient_name) VALUES ('kjøttdeig');
INSERT IGNORE INTO INGREDIENT (ingredient_name) VALUES ('bladpersille');
INSERT IGNORE INTO INGREDIENT (ingredient_name) VALUES ('salt');
INSERT IGNORE INTO INGREDIENT (ingredient_name) VALUES ('pepper');
INSERT IGNORE INTO INGREDIENT (ingredient_name) VALUES ('smør');
INSERT IGNORE INTO INGREDIENT (ingredient_name) VALUES ('gulost');
INSERT IGNORE INTO INGREDIENT (ingredient_name) VALUES ('kyllingklubbe');
INSERT IGNORE INTO INGREDIENT (ingredient_name) VALUES ('bbq-saus');
INSERT IGNORE INTO INGREDIENT (ingredient_name) VALUES ('grønn squash');
INSERT IGNORE INTO INGREDIENT (ingredient_name) VALUES ('gul paprika');
INSERT IGNORE INTO INGREDIENT (ingredient_name) VALUES ('rød paprika');
INSERT IGNORE INTO INGREDIENT (ingredient_name) VALUES ('rødløk');
INSERT IGNORE INTO INGREDIENT (ingredient_name) VALUES ('lammekoteletter');
INSERT IGNORE INTO INGREDIENT (ingredient_name) VALUES ('olje');
INSERT IGNORE INTO INGREDIENT (ingredient_name) VALUES ('sorte oliven');
INSERT IGNORE INTO INGREDIENT (ingredient_name) VALUES ('fetaost');
INSERT IGNORE INTO INGREDIENT (ingredient_name) VALUES ('frisk timian');
INSERT IGNORE INTO INGREDIENT (ingredient_name) VALUES ('kjøttpølse');
INSERT IGNORE INTO INGREDIENT (ingredient_name) VALUES ('brokkoli');
INSERT IGNORE INTO INGREDIENT (ingredient_name) VALUES ('løk');
INSERT IGNORE INTO INGREDIENT (ingredient_name) VALUES ('hvitløk');
INSERT IGNORE INTO INGREDIENT (ingredient_name) VALUES ('fullkornpastaskruer');
INSERT IGNORE INTO INGREDIENT (ingredient_name) VALUES ('hakkede hermetiske tomater');
INSERT IGNORE INTO INGREDIENT (ingredient_name) VALUES ('vann');
INSERT IGNORE INTO INGREDIENT (ingredient_name) VALUES ('tørket oregano');
INSERT IGNORE INTO INGREDIENT (ingredient_name) VALUES ('revet hvitost');
INSERT IGNORE INTO INGREDIENT (ingredient_name) VALUES ('matfløte');
INSERT IGNORE INTO INGREDIENT (ingredient_name) VALUES ('røkt svinekam');
INSERT IGNORE INTO INGREDIENT (ingredient_name) VALUES ('kværnet pepper');
INSERT IGNORE INTO INGREDIENT (ingredient_name) VALUES ('gulrot');
INSERT IGNORE INTO INGREDIENT (ingredient_name) VALUES ('løk');
INSERT IGNORE INTO INGREDIENT (ingredient_name) VALUES ('frisk timian');
INSERT IGNORE INTO INGREDIENT (ingredient_name) VALUES ('vann');
INSERT IGNORE INTO INGREDIENT (ingredient_name) VALUES ('egg');
INSERT IGNORE INTO INGREDIENT (ingredient_name) VALUES ('salt');
INSERT IGNORE INTO INGREDIENT (ingredient_name) VALUES ('kværnet pepper');
INSERT IGNORE INTO INGREDIENT (ingredient_name) VALUES ('paprika');
INSERT IGNORE INTO INGREDIENT (ingredient_name) VALUES ('smårettsskinke');
INSERT IGNORE INTO INGREDIENT (ingredient_name) VALUES ('revet ost');
INSERT IGNORE INTO INGREDIENT (ingredient_name) VALUES ('tortillalafse');

INSERT INTO RECIPEINGREDIENT (recipe_name, ingredient_name, amount, unit) VALUES ('Pizza med reinsdyrbiff', 'einebær', '1.00', 'teskje');
INSERT INTO RECIPEINGREDIENT (recipe_name, ingredient_name, amount, unit) VALUES ('Pizza med reinsdyrbiff', 'frisk naturell', '1.00', 'boks');
INSERT INTO RECIPEINGREDIENT (recipe_name, ingredient_name, amount, unit) VALUES ('Pizza med reinsdyrbiff', 'pizzabunn', '1.00', 'stk');
INSERT INTO RECIPEINGREDIENT (recipe_name, ingredient_name, amount, unit) VALUES ('Pizza med reinsdyrbiff', 'revet ost', '1.00', 'håndfull');
INSERT INTO RECIPEINGREDIENT (recipe_name, ingredient_name, amount, unit) VALUES ('Pizza med reinsdyrbiff', 'rødløk', '1.00', 'stk');
INSERT INTO RECIPEINGREDIENT (recipe_name, ingredient_name, amount, unit) VALUES ('Pizza med reinsdyrbiff', 'flatbiff av reinsdyr', '100.00', 'gram');
INSERT INTO RECIPEINGREDIENT (recipe_name, ingredient_name, amount, unit) VALUES ('Pizza med reinsdyrbiff', 'grønnkål', '1.00', 'håndfull');
INSERT INTO RECIPEINGREDIENT (recipe_name, ingredient_name, amount, unit) VALUES ('Pizza med reinsdyrbiff', 'granateple', '1.00', 'ss');
INSERT INTO RECIPEINGREDIENT (recipe_name, ingredient_name, amount, unit) VALUES ('Pizza med reinsdyrbiff', 'frisk oregano', '1.00', 'håndfull');
INSERT INTO RECIPEINGREDIENT (recipe_name, ingredient_name, amount, unit) VALUES ('Svinecarret', 'svinecarre', '500.00', 'gram');
INSERT INTO RECIPEINGREDIENT (recipe_name, ingredient_name, amount, unit) VALUES ('Svinecarret', 'salt', '2.00', 'teskje');
INSERT INTO RECIPEINGREDIENT (recipe_name, ingredient_name, amount, unit) VALUES ('Svinecarret', 'kværnet pepper', '2.00', 'teskje');
INSERT INTO RECIPEINGREDIENT (recipe_name, ingredient_name, amount, unit) VALUES ('Svinecarret', 'malt allehånde', '1.00', 'teskje');
INSERT INTO RECIPEINGREDIENT (recipe_name, ingredient_name, amount, unit) VALUES ('Svinecarret', 'malt ingefær', '.50', 'teskje');
INSERT INTO RECIPEINGREDIENT (recipe_name, ingredient_name, amount, unit) VALUES ('Svinecarret', 'smør', '2.00', 'ss');
INSERT INTO RECIPEINGREDIENT (recipe_name, ingredient_name, amount, unit) VALUES ('Svinecarret', 'hvitløl', '4.00', 'båter');
INSERT INTO RECIPEINGREDIENT (recipe_name, ingredient_name, amount, unit) VALUES ('Svinecarret', 'små potet', '16.00', 'stk');
INSERT INTO RECIPEINGREDIENT (recipe_name, ingredient_name, amount, unit) VALUES ('Biff på primus', 'ytrefilet av storfe', '400.00', 'gram');
INSERT INTO RECIPEINGREDIENT (recipe_name, ingredient_name, amount, unit) VALUES ('Biff på primus', 'margarin', '1.00', 'ss');
INSERT INTO RECIPEINGREDIENT (recipe_name, ingredient_name, amount, unit) VALUES ('Biff på primus', 'salt', '.50', 'teskje');
INSERT INTO RECIPEINGREDIENT (recipe_name, ingredient_name, amount, unit) VALUES ('Biff på primus', 'pepper', '.25', 'teskje');
INSERT INTO RECIPEINGREDIENT (recipe_name, ingredient_name, amount, unit) VALUES ('Biff på primus', 'pitabrød', '2.00', 'stk');
INSERT INTO RECIPEINGREDIENT (recipe_name, ingredient_name, amount, unit) VALUES ('Biff på primus', 'fetaost', '50.00', 'gram');
INSERT INTO RECIPEINGREDIENT (recipe_name, ingredient_name, amount, unit) VALUES ('Kylling filet', 'kyllingfilet', '4.00', 'stk');
INSERT INTO RECIPEINGREDIENT (recipe_name, ingredient_name, amount, unit) VALUES ('Kylling filet', 'olje', '1.00', 'ss');
INSERT INTO RECIPEINGREDIENT (recipe_name, ingredient_name, amount, unit) VALUES ('Kylling filet', 'salt', '1.00', 'teskje');
INSERT INTO RECIPEINGREDIENT (recipe_name, ingredient_name, amount, unit) VALUES ('Kylling filet', 'pepper', '.50', 'teskje');
INSERT INTO RECIPEINGREDIENT (recipe_name, ingredient_name, amount, unit) VALUES ('Eksotisk levergryte', 'lever av kalv', '500.00', 'gram');
INSERT INTO RECIPEINGREDIENT (recipe_name, ingredient_name, amount, unit) VALUES ('Eksotisk levergryte', 'løk', '2.00', 'stk');
INSERT INTO RECIPEINGREDIENT (recipe_name, ingredient_name, amount, unit) VALUES ('Eksotisk levergryte', 'hvitløk', '2.00', 'båter');
INSERT INTO RECIPEINGREDIENT (recipe_name, ingredient_name, amount, unit) VALUES ('Eksotisk levergryte', 'smør', '2.00', 'ss');
INSERT INTO RECIPEINGREDIENT (recipe_name, ingredient_name, amount, unit) VALUES ('Eksotisk levergryte', 'fløte', '2.00', 'dl');
INSERT INTO RECIPEINGREDIENT (recipe_name, ingredient_name, amount, unit) VALUES ('Eksotisk levergryte', 'sitronsaft', '2.00', 'ss');
INSERT INTO RECIPEINGREDIENT (recipe_name, ingredient_name, amount, unit) VALUES ('Eksotisk levergryte', 'bladepersille', '2.00', 'ss');
INSERT INTO RECIPEINGREDIENT (recipe_name, ingredient_name, amount, unit) VALUES ('Pasta', 'Spagetti', '250.00', 'gram');
INSERT INTO RECIPEINGREDIENT (recipe_name, ingredient_name, amount, unit) VALUES ('Pasta', 'hollaidogresskar', '250.00', 'stk');
INSERT INTO RECIPEINGREDIENT (recipe_name, ingredient_name, amount, unit) VALUES ('Pasta', 'olje', '2.00', 'ss');
INSERT INTO RECIPEINGREDIENT (recipe_name, ingredient_name, amount, unit) VALUES ('Pasta', 'hvirløk', '2.00', 'båter');
INSERT INTO RECIPEINGREDIENT (recipe_name, ingredient_name, amount, unit) VALUES ('Pasta', 'muskat', '.25', 'teskje');
INSERT INTO RECIPEINGREDIENT (recipe_name, ingredient_name, amount, unit) VALUES ('Pasta', 'pepper', '.25', 'teskje');
INSERT INTO RECIPEINGREDIENT (recipe_name, ingredient_name, amount, unit) VALUES ('Pasta', 'fløte', '3.00', 'dl');
INSERT INTO RECIPEINGREDIENT (recipe_name, ingredient_name, amount, unit) VALUES ('Pasta', 'revet parmesan', '2.00', 'dl');
INSERT INTO RECIPEINGREDIENT (recipe_name, ingredient_name, amount, unit) VALUES ('Pasta', 'sitronsaft', '2.00', 'ss');
INSERT INTO RECIPEINGREDIENT (recipe_name, ingredient_name, amount, unit) VALUES ('LammeWok', 'lammeskav', '600.00', 'gram');
INSERT INTO RECIPEINGREDIENT (recipe_name, ingredient_name, amount, unit) VALUES ('LammeWok', 'nudler', '300.00', 'gram');
INSERT INTO RECIPEINGREDIENT (recipe_name, ingredient_name, amount, unit) VALUES ('LammeWok', 'rødløk', '1.00', 'stk');
INSERT INTO RECIPEINGREDIENT (recipe_name, ingredient_name, amount, unit) VALUES ('LammeWok', 'rød paprika', '1.00', 'stk');
INSERT INTO RECIPEINGREDIENT (recipe_name, ingredient_name, amount, unit) VALUES ('LammeWok', 'grønnkål', '300.00', 'gram');
INSERT INTO RECIPEINGREDIENT (recipe_name, ingredient_name, amount, unit) VALUES ('LammeWok', 'gulrot', '2.00', 'stk');
INSERT INTO RECIPEINGREDIENT (recipe_name, ingredient_name, amount, unit) VALUES ('LammeWok', 'rapsolje til steking', '4.00', 'ss');
INSERT INTO RECIPEINGREDIENT (recipe_name, ingredient_name, amount, unit) VALUES ('LammeWok', 'malt ingefær', '1.00', 'teskje');
INSERT INTO RECIPEINGREDIENT (recipe_name, ingredient_name, amount, unit) VALUES ('LammeWok', 'allehånde', '.50', 'teskje');
INSERT INTO RECIPEINGREDIENT (recipe_name, ingredient_name, amount, unit) VALUES ('LammeWok', 'ferdig woksaus', '1.00', 'glass');
INSERT INTO RECIPEINGREDIENT (recipe_name, ingredient_name, amount, unit) VALUES ('Grillspyd med laksefilet', 'laksefilet', '800.00', 'gram');
INSERT INTO RECIPEINGREDIENT (recipe_name, ingredient_name, amount, unit) VALUES ('Grillspyd med laksefilet', 'sitron', '2.00', 'stk');
INSERT INTO RECIPEINGREDIENT (recipe_name, ingredient_name, amount, unit) VALUES ('Grillspyd med laksefilet', 'bladpersille', '1.00', 'bunt');
INSERT INTO RECIPEINGREDIENT (recipe_name, ingredient_name, amount, unit) VALUES ('Grillspyd med laksefilet', 'hakket frisk oregano', '2.00', 'ss');
INSERT INTO RECIPEINGREDIENT (recipe_name, ingredient_name, amount, unit) VALUES ('Grillspyd med laksefilet', 'frisk hakket koriander', '2.00', 'ss');
INSERT INTO RECIPEINGREDIENT (recipe_name, ingredient_name, amount, unit) VALUES ('Grillspyd med laksefilet', 'hvitløk', '2.00', 'båter');
INSERT INTO RECIPEINGREDIENT (recipe_name, ingredient_name, amount, unit) VALUES ('Grillspyd med laksefilet', 'rødvinseddik', '2.00', 'ss');
INSERT INTO RECIPEINGREDIENT (recipe_name, ingredient_name, amount, unit) VALUES ('Grillspyd med laksefilet', 'sitronsaft', '1.00', 'ss');
INSERT INTO RECIPEINGREDIENT (recipe_name, ingredient_name, amount, unit) VALUES ('Grillspyd med laksefilet', 'olivenolje', '1.00', 'dl');
INSERT INTO RECIPEINGREDIENT (recipe_name, ingredient_name, amount, unit) VALUES ('Burger med baconmarmolade', 'kjøttdeig', '300.00', 'gram');
INSERT INTO RECIPEINGREDIENT (recipe_name, ingredient_name, amount, unit) VALUES ('Burger med baconmarmolade', 'bladpersille', '1.00', 'ss');
INSERT INTO RECIPEINGREDIENT (recipe_name, ingredient_name, amount, unit) VALUES ('Burger med baconmarmolade', 'salt', '.50', 'teskje');
INSERT INTO RECIPEINGREDIENT (recipe_name, ingredient_name, amount, unit) VALUES ('Burger med baconmarmolade', 'pepper', '1.00', 'teskje');
INSERT INTO RECIPEINGREDIENT (recipe_name, ingredient_name, amount, unit) VALUES ('Burger med baconmarmolade', 'smør', '1.00', 'ss');
INSERT INTO RECIPEINGREDIENT (recipe_name, ingredient_name, amount, unit) VALUES ('Burger med baconmarmolade', 'gulost', '4.00', 'skiver');
INSERT INTO RECIPEINGREDIENT (recipe_name, ingredient_name, amount, unit) VALUES ('Kyllingklubber i airfrier', 'kyllingklubbe', '5.00', 'stk');
INSERT INTO RECIPEINGREDIENT (recipe_name, ingredient_name, amount, unit) VALUES ('Kyllingklubber i airfrier', 'bbq-saus', '2.00', 'ss');
INSERT INTO RECIPEINGREDIENT (recipe_name, ingredient_name, amount, unit) VALUES ('Lammekoteletter i form', 'grønn squash', '1.00', 'stk');
INSERT INTO RECIPEINGREDIENT (recipe_name, ingredient_name, amount, unit) VALUES ('Lammekoteletter i form', 'gul paprika', '1.00', 'stk');
INSERT INTO RECIPEINGREDIENT (recipe_name, ingredient_name, amount, unit) VALUES ('Lammekoteletter i form', 'rød paprika', '1.00', 'stk');
INSERT INTO RECIPEINGREDIENT (recipe_name, ingredient_name, amount, unit) VALUES ('Lammekoteletter i form', 'rødløk', '1.00', 'stk');
INSERT INTO RECIPEINGREDIENT (recipe_name, ingredient_name, amount, unit) VALUES ('Lammekoteletter i form', 'lammekoteletter', '4.00', 'stk');
INSERT INTO RECIPEINGREDIENT (recipe_name, ingredient_name, amount, unit) VALUES ('Lammekoteletter i form', 'olje', '3.00', 'ss');
INSERT INTO RECIPEINGREDIENT (recipe_name, ingredient_name, amount, unit) VALUES ('Lammekoteletter i form', 'sorte oliven', '130.00', 'gram');
INSERT INTO RECIPEINGREDIENT (recipe_name, ingredient_name, amount, unit) VALUES ('Lammekoteletter i form', 'fetaost', '50.00', 'gram');
INSERT INTO RECIPEINGREDIENT (recipe_name, ingredient_name, amount, unit) VALUES ('Lammekoteletter i form', 'frisk timian', '2.00', 'ss');
INSERT INTO RECIPEINGREDIENT (recipe_name, ingredient_name, amount, unit) VALUES ('Pølsegryte', 'kjøttpølse', '400.00', 'gram');
INSERT INTO RECIPEINGREDIENT (recipe_name, ingredient_name, amount, unit) VALUES ('Pølsegryte', 'brokkoli', '.50', 'stk');
INSERT INTO RECIPEINGREDIENT (recipe_name, ingredient_name, amount, unit) VALUES ('Pølsegryte', 'løk', '1.00', 'stk');
INSERT INTO RECIPEINGREDIENT (recipe_name, ingredient_name, amount, unit) VALUES ('Pølsegryte', 'hvitløk', '1.00', 'båt');
INSERT INTO RECIPEINGREDIENT (recipe_name, ingredient_name, amount, unit) VALUES ('Pølsegryte', 'fullkornpastaskruer', '400.00', 'gram');
INSERT INTO RECIPEINGREDIENT (recipe_name, ingredient_name, amount, unit) VALUES ('Pølsegryte', 'hakkede hermetiske tomater', '400.00', 'gram');
INSERT INTO RECIPEINGREDIENT (recipe_name, ingredient_name, amount, unit) VALUES ('Pølsegryte', 'vann', '4.00', 'dl');
INSERT INTO RECIPEINGREDIENT (recipe_name, ingredient_name, amount, unit) VALUES ('Pølsegryte', 'tørket oregano', '1.00', 'teskje');
INSERT INTO RECIPEINGREDIENT (recipe_name, ingredient_name, amount, unit) VALUES ('Pølsegryte', 'revet hvitost', '100.00', 'gram');
INSERT INTO RECIPEINGREDIENT (recipe_name, ingredient_name, amount, unit) VALUES ('Pølsegryte', 'matfløte', '2.00', 'dl');
INSERT INTO RECIPEINGREDIENT (recipe_name, ingredient_name, amount, unit) VALUES ('Svinekam', 'røkt svinekam', '2.00', 'kg');
INSERT INTO RECIPEINGREDIENT (recipe_name, ingredient_name, amount, unit) VALUES ('Svinekam', 'kværnet pepper', '.50', 'teskje');
INSERT INTO RECIPEINGREDIENT (recipe_name, ingredient_name, amount, unit) VALUES ('Svinekam', 'gulrot', '2.00', 'stk');
INSERT INTO RECIPEINGREDIENT (recipe_name, ingredient_name, amount, unit) VALUES ('Svinekam', 'løk', '2.00', 'stk');
INSERT INTO RECIPEINGREDIENT (recipe_name, ingredient_name, amount, unit) VALUES ('Svinekam', 'frisk timian', '2.00', 'kvister');
INSERT INTO RECIPEINGREDIENT (recipe_name, ingredient_name, amount, unit) VALUES ('Svinekam', 'vann', '3.00', 'dl');
INSERT INTO RECIPEINGREDIENT (recipe_name, ingredient_name, amount, unit) VALUES ('Omelett i ovn', 'egg', '3.00', 'stk');
INSERT INTO RECIPEINGREDIENT (recipe_name, ingredient_name, amount, unit) VALUES ('Omelett i ovn', 'salt', '.25', 'teskje');
INSERT INTO RECIPEINGREDIENT (recipe_name, ingredient_name, amount, unit) VALUES ('Omelett i ovn', 'kværnet pepper', '.50', 'teskje');
INSERT INTO RECIPEINGREDIENT (recipe_name, ingredient_name, amount, unit) VALUES ('Omelett i ovn', 'paprika', '1.00', 'stk');
INSERT INTO RECIPEINGREDIENT (recipe_name, ingredient_name, amount, unit) VALUES ('Omelett i ovn', 'smårettsskinke', '.50', 'dl');
INSERT INTO RECIPEINGREDIENT (recipe_name, ingredient_name, amount, unit) VALUES ('Omelett i ovn', 'revet ost', '1.00', 'dl');
INSERT INTO RECIPEINGREDIENT (recipe_name, ingredient_name, amount, unit) VALUES ('Omelett i ovn', 'tortillalafse', '1.00', 'stor');
